BLEU,TER
1.0,0.0
0.8408964152537145,1.0
0.8408964152537145,1.0
1.0,0.0
0.5,1.0
0.8408964152537145,0.5
1.0,0.0
0.8408964152537145,0.5
0.8408964152537145,1.0
1.0,0.0
1.0,0.0
1.0,0.0
1.0,0.0
1.0,0.0
1.0,0.0
1.0,0.0
0.37991784282579627,0.125
0.8408964152537145,1.0
0.8408964152537145,1.0
0.8408964152537145,1.0
0.8408964152537145,0.25
1.0,0.0
1.0,0.0
1.0,0.0
0.8408964152537145,0.25
0.8408964152537145,0.25
1.0,0.0
0.5,0.25
0.8408964152537145,1.0
0.7071067811865476,0.25
1.0,0.0
0.5,1.0
1.0,0.0
1.0,0.0
1.0,0.0
0.8408964152537145,1.0
1.0,0.0
0.8408964152537145,1.0
1.0,0.0
1.0,0.0
1.0,0.0
0.8408964152537145,1.0
0.8408964152537145,0.25
0.8408964152537145,1.0
1.0,0.0
1.0,0.0
1.0,0.0
1.0,0.0
1.0,0.0
0.8408964152537145,1.0
1.0,0.0
1.0,0.0
1.0,0.0
1.0,0.0
0.8408964152537145,0.5
1.0,0.0
1.0,0.0
1.0,0.0
1.0,0.0
1.0,0.0
0.8408964152537145,1.0
0.8408964152537145,1.0
1.0,0.0
1.0,0.0
0.8408964152537145,0.25
1.0,0.0
0.8408964152537145,0.25
1.0,0.0
1.0,0.0
0.8408964152537145,1.0
1.0,0.0
1.0,0.0
0.8408964152537145,1.0
0.8408964152537145,0.0
0.5,1.0
0.8408964152537145,0.25
1.0,0.0
1.0,0.0
0.8408964152537145,0.75
1.0,0.0
1.0,0.0
1.0,0.0
1.0,0.0
1.0,0.0
0.8408964152537145,0.9444444444444444
0.8408964152537145,1.0
0.8408964152537145,0.25
0.8408964152537145,0.0
1.0,0.0
1.0,0.0
0.5,0.25
1.0,0.0
1.0,0.0
1.0,0.0
0.8408964152537145,0.5
1.0,0.0
0.8408964152537145,0.25
0.8408964152537145,1.0
1.0,0.0
1.0,0.0
1.0,0.0
0.8408964152537145,0.25
1.0,0.0
0.8408964152537145,1.0
1.0,0.0
1.0,0.0
0.5,1.0
1.0,0.0
1.0,0.0
1.0,0.0
0.8408964152537145,0.25
1.0,0.0
0.8408964152537145,1.0
0.5,1.0
1.0,0.0
0.8408964152537145,1.0
0.5,0.25
1.0,0.0
0.8408964152537145,1.0
1.0,0.0
1.0,0.0
0.8408964152537145,1.0
0.8408964152537145,0.25
1.0,0.0
1.0,0.0
0.8408964152537145,1.0
0.8408964152537145,1.0
1.0,0.0
1.0,0.0
0.8408964152537145,0.625
1.0,0.0
1.0,0.0
1.0,0.0
1.0,0.0
0.8408964152537145,0.25
1.0,0.0
1.0,0.0
1.0,0.0
0.1584873897212071,0.7142857142857143
1.0,0.0
1.0,0.0
0.8408964152537145,0.25
0.8408964152537145,1.0
0.8408964152537145,1.0
1.0,0.0
1.0,0.0
1.0,0.0
1.0,0.0
0.5,1.0
0.8408964152537145,0.25
0.8408964152537145,1.0
0.8408964152537145,1.0
1.0,0.0
0.8408964152537145,0.25
0.8408964152537145,0.5
0.8408964152537145,1.0
0.8408964152537145,0.25
1.0,0.0
0.07986788803078405,1.0
1.0,0.0
1.0,0.0
1.0,0.0
1.0,0.0
1.0,0.0
0.5,1.0
1.0,0.0
0.8408964152537145,1.0
1.0,0.0
1.0,0.0
0.8408964152537145,1.0
1.0,0.0
0.8408964152537145,1.0
1.0,0.0
1.0,0.0
1.0,0.0
0.8408964152537145,1.0
1.0,0.0
0.8408964152537145,0.25
1.0,0.0
0.8408964152537145,1.0
1.0,0.0
1.0,0.0
0.8408964152537145,0.6666666666666666
1.0,0.0
0.5,1.0
0.8408964152537145,1.0
0.8408964152537145,1.0
1.0,0.0
1.0,0.0
1.0,0.0
1.0,0.0
1.0,0.0
1.0,0.0
1.0,0.0
1.0,0.0
0.7071067811865476,0.5
0.5,0.25
0.8408964152537145,1.0
1.0,0.0
0.8408964152537145,0.0
1.0,0.0
1.0,0.0
1.0,0.0
0.8408964152537145,0.25
1.0,0.0
1.0,0.0
1.0,0.0
1.0,0.0
1.0,0.0
0.8408964152537145,0.25
1.0,0.0
0.8408964152537145,0.8333333333333334
0.8408964152537145,1.0
0.8408964152537145,0.0
0.8408964152537145,1.0
1.0,0.0
1.0,0.0
1.0,0.0
1.0,0.0
1.0,0.0
0.8408964152537145,1.0
0.8408964152537145,0.25
1.0,0.0
1.0,0.0
1.0,0.0
0.8408964152537145,1.0
0.8408964152537145,1.0
1.0,0.0
1.0,0.0
0.8408964152537145,0.5
1.0,0.0
1.0,0.0
0.8408964152537145,0.25
0.8408964152537145,1.0
1.0,0.0
0.8408964152537145,0.25
1.0,0.0
0.7071067811865476,0.25
1.0,0.0
1.0,0.0
0.8408964152537145,0.5
0.5,1.0
1.0,0.0
1.0,0.0
1.0,0.0
0.8408964152537145,0.25
1.0,0.0
1.0,0.0
0.7071067811865476,0.25
1.0,0.0
0.8408964152537145,1.0
1.0,0.0
1.0,0.0
0.8408964152537145,0.25
0.8408964152537145,1.0
0.8408964152537145,1.0
0.8408964152537145,0.0
1.0,0.0
0.8408964152537145,0.5
1.0,0.0
1.0,0.0
1.0,0.0
1.0,0.0
1.0,0.0
0.8408964152537145,1.0
0.8408964152537145,1.0
1.0,0.0
1.0,0.0
0.8408964152537145,0.25
0.8408964152537145,0.25
0.8408964152537145,1.0
0.7071067811865476,0.0
0.8408964152537145,0.25
1.0,0.0
1.0,0.0
1.0,0.0
0.8408964152537145,0.25
1.0,0.0
0.8408964152537145,1.0
1.0,0.0
1.0,0.0
1.0,0.0
1.0,0.5
0.8408964152537145,0.25
0.8408964152537145,0.25
0.8408964152537145,0.6666666666666666
0.5,1.0
0.8408964152537145,0.25
1.0,0.0
0.8408964152537145,1.0
0.8408964152537145,1.0
0.8408964152537145,1.0
0.8408964152537145,1.0
1.0,0.0
1.0,0.0
0.8408964152537145,1.0
0.8408964152537145,1.0
1.0,0.0
1.0,0.0
1.0,0.0
1.0,0.0
1.0,0.0
0.8408964152537145,1.0
0.5,1.0
0.7071067811865476,0.25
1.0,0.0
1.0,0.0
0.8408964152537145,1.0
0.8408964152537145,0.25
1.0,0.0
0.8408964152537145,0.25
0.30934850332660563,0.5
0.8408964152537145,0.25
0.8408964152537145,1.0
0.8408964152537145,1.0
1.0,0.0
1.0,0.0
1.0,0.0
0.8408964152537145,0.25
1.0,0.0
0.8408964152537145,0.25
0.8408964152537145,1.0
1.0,0.0
1.0,0.0
1.0,0.0
1.0,0.0
0.8408964152537145,0.6
1.0,0.0
1.0,0.0
1.0,0.0
1.0,0.0
1.0,0.0
1.0,0.0
1.0,0.0
1.0,0.0
1.0,0.0
1.0,0.0
0.8408964152537145,1.0
1.0,0.0
0.8408964152537145,1.0
0.8408964152537145,0.25
1.0,0.0
1.0,0.0
1.0,0.0
1.0,0.0
0.8408964152537145,0.0
0.8408964152537145,0.5
1.0,0.0
1.0,0.0
1.0,0.0
0.8408964152537145,1.0
1.0,0.0
0.8408964152537145,1.0
1.0,0.0
1.0,0.0
0.7071067811865476,0.5
1.0,0.0
1.0,0.0
0.8408964152537145,1.0
0.8408964152537145,1.0
0.8408964152537145,0.0
1.0,0.0
0.8408964152537145,0.75
1.0,0.0
0.8408964152537145,1.0
1.0,0.0
0.8408964152537145,1.0
0.8408964152537145,1.0
1.0,0.0
1.0,0.0
0.8408964152537145,1.0
1.0,0.0
0.8408964152537145,1.0
1.0,0.0
0.5,0.25
0.8408964152537145,1.0
1.0,0.0
1.0,0.0
0.8408964152537145,1.0
1.0,0.0
1.0,0.0
1.0,0.0
0.8408964152537145,1.0
1.0,0.0
1.0,0.0
1.0,0.0
1.0,0.0
0.8408964152537145,0.25
1.0,0.0
0.8408964152537145,1.0
1.0,0.0
1.0,0.0
1.0,0.0
1.0,0.0
1.0,0.0
0.8408964152537145,0.125
0.8408964152537145,1.0
1.0,0.0
0.8408964152537145,0.0
1.0,0.0
0.8408964152537145,0.0
1.0,0.0
0.8408964152537145,1.0
1.0,0.0
1.0,0.0
1.0,0.0
1.0,0.0
1.0,0.0
1.0,0.0
1.0,0.0
1.0,0.0
1.0,0.0
1.0,0.0
0.5,0.25
0.5,1.0
1.0,0.0
0.8408964152537145,1.0
1.0,0.0
1.0,0.0
0.8408964152537145,0.25
1.0,0.0
0.8408964152537145,1.0
1.0,0.0
0.8408964152537145,0.25
0.8408964152537145,0.875
0.8408964152537145,1.0
0.8408964152537145,0.6666666666666666
0.5,1.0
1.0,0.0
1.0,0.0
0.8408964152537145,0.0
0.5,1.0
1.0,0.0
0.8408964152537145,1.0
1.0,0.0
1.0,0.0
0.07986788803078405,0.75
1.0,0.0
1.0,0.0
0.8408964152537145,1.0
1.0,0.0
1.0,0.0
1.0,0.0
0.5,0.25
0.8408964152537145,1.0
1.0,0.0
1.0,0.0
1.0,0.0
1.0,0.0
1.0,0.0
1.0,0.0
1.0,0.0
1.0,0.0
1.0,0.0
1.0,0.0
1.0,0.0
1.0,0.0
1.0,0.0
0.8408964152537145,1.0
0.8408964152537145,0.25
1.0,0.0
1.0,0.0
1.0,0.0
0.8408964152537145,0.25
0.5,0.25
1.0,0.0
1.0,0.0
0.8408964152537145,0.25
1.0,0.0
0.5,1.0
1.0,0.0
0.8408964152537145,1.0
1.0,0.0
0.8408964152537145,0.25
0.5,1.0
1.0,0.0
0.5,1.0
1.0,0.0
1.0,0.0
1.0,0.0
1.0,0.0
1.0,0.0
1.0,0.0
1.0,0.0
0.07986788803078405,1.0
1.0,0.0
0.7071067811865476,0.0
1.0,0.0
0.7071067811865476,0.625
0.8408964152537145,1.0
1.0,0.0
1.0,0.0
1.0,0.0
0.8408964152537145,1.0
0.8408964152537145,1.0
1.0,0.0
1.0,0.0
1.0,0.0
1.0,0.0
1.0,0.0
1.0,0.0
1.0,0.0
1.0,0.0
0.8408964152537145,0.25
0.8408964152537145,1.0
1.0,0.0
1.0,0.0
0.8408964152537145,1.0
1.0,0.0
0.8408964152537145,0.0
1.0,0.0
1.0,0.0
1.0,0.0
1.0,0.0
0.8408964152537145,1.0
1.0,0.0
0.5,1.0
0.8408964152537145,0.25
0.7071067811865476,0.25
0.8408964152537145,1.0
1.0,0.0
1.0,0.0
1.0,0.0
1.0,0.0
0.8408964152537145,0.25
1.0,0.0
0.8408964152537145,0.75
0.8408964152537145,0.25
0.8408964152537145,1.0
0.8408964152537145,1.0
1.0,0.0
0.8408964152537145,0.25
0.5,0.625
1.0,0.0
0.8408964152537145,1.0
0.8408964152537145,1.0
0.8408964152537145,0.25
1.0,0.0
0.8408964152537145,1.0
1.0,0.0
1.0,0.0
0.8408964152537145,0.25
1.0,0.0
1.0,0.0
1.0,0.0
1.0,0.0
1.0,0.0
0.8408964152537145,0.25
0.8408964152537145,0.25
1.0,0.0
1.0,0.0
1.0,0.0
0.7071067811865476,0.25
1.0,0.0
0.8408964152537145,1.0
1.0,0.0
0.8408964152537145,0.25
1.0,0.0
1.0,0.0
1.0,0.0
1.0,0.0
0.8408964152537145,1.0
0.8408964152537145,1.0
0.5,0.25
1.0,0.0
1.0,0.0
1.0,0.0
1.0,0.0
0.8408964152537145,1.0
0.16186478197091597,1.0
1.0,0.0
1.0,0.0
1.0,0.0
0.8408964152537145,0.5
1.0,0.0
1.0,0.0
1.0,0.0
1.0,0.0
0.8408964152537145,1.0
0.5,1.0
0.8408964152537145,1.0
0.8408964152537145,1.0
0.37991784282579627,0.75
0.5,1.0
1.0,0.0
1.0,0.0
0.8408964152537145,0.25
0.8408964152537145,0.25
1.0,0.0
0.8408964152537145,1.0
1.0,0.0
0.8408964152537145,1.0
1.0,0.0
0.8408964152537145,1.0
1.0,0.0
0.8408964152537145,1.0
0.5,0.25
1.0,0.0
1.0,0.0
0.8408964152537145,1.0
1.0,0.0
0.8408964152537145,1.0
1.0,0.0
1.0,0.0
1.0,0.0
0.8408964152537145,1.0
0.8408964152537145,1.0
1.0,0.0
0.8408964152537145,1.0
0.8408964152537145,1.0
1.0,0.0
1.0,0.0
1.0,0.0
1.0,0.0
0.05341087579952926,1.0
0.8408964152537145,1.0
0.5,1.0
0.8408964152537145,1.0
1.0,0.0
1.0,0.0
0.8408964152537145,1.0
0.8408964152537145,1.0
1.0,0.0
1.0,0.0
1.0,0.0
1.0,0.0
0.8408964152537145,1.0
1.0,0.0
1.0,0.0
0.8408964152537145,1.0
1.0,0.0
1.0,0.0
1.0,0.0
1.0,0.0
1.0,0.0
1.0,0.25
1.0,0.0
0.8408964152537145,0.0
0.5,1.0
0.5,1.0
1.0,0.0
1.0,0.0
1.0,0.0
0.8408964152537145,0.5
0.8408964152537145,1.0
1.0,0.0
1.0,0.0
1.0,0.0
1.0,0.0
0.8408964152537145,0.0
1.0,0.0
0.8408964152537145,1.0
1.0,0.0
0.8408964152537145,0.25
1.0,0.0
0.8408964152537145,1.0
0.8408964152537145,0.25
0.8408964152537145,1.0
1.0,0.0
1.0,0.0
1.0,0.0
1.0,0.0
1.0,0.0
1.0,0.0
1.0,0.0
1.0,0.0
0.8408964152537145,1.0
1.0,0.0
1.0,0.0
0.8408964152537145,0.25
1.0,0.0
1.0,0.0
1.0,0.0
1.0,0.0
0.8408964152537145,0.25
1.0,0.0
1.0,0.0
1.0,0.0
0.8408964152537145,0.25
1.0,0.0
0.03283637368030199,1.0
0.8408964152537145,0.25
0.8408964152537145,1.0
0.8408964152537145,0.25
1.0,0.0
0.8408964152537145,1.0
1.0,0.0
1.0,0.0
1.0,0.0
1.0,0.0
0.8408964152537145,1.0
0.8408964152537145,1.0
1.0,0.0
1.0,0.0
1.0,0.0
0.8408964152537145,1.0
1.0,0.0
0.8408964152537145,1.0
0.8408964152537145,1.0
0.5,1.0
1.0,0.0
0.8408964152537145,1.0
0.8408964152537145,1.0
0.8408964152537145,0.25
0.8408964152537145,1.0
1.0,0.0
1.0,0.0
0.8408964152537145,1.0
1.0,0.0
1.0,0.0
1.0,0.0
0.8408964152537145,0.25
0.8408964152537145,1.0
0.8408964152537145,0.0
0.8408964152537145,0.5
1.0,0.0
1.0,0.0
0.8408964152537145,1.0
0.8408964152537145,1.0
0.8408964152537145,0.25
0.8408964152537145,1.0
0.8408964152537145,1.0
1.0,0.0
0.5,1.0
1.0,0.0
1.0,0.0
1.0,0.0
0.8408964152537145,0.25
0.8408964152537145,1.0
0.8408964152537145,0.75
1.0,0.0
0.8408964152537145,0.5
1.0,0.0
0.8408964152537145,1.0
0.8408964152537145,0.25
1.0,0.25
0.8408964152537145,0.25
1.0,0.0
0.8408964152537145,1.0
1.0,0.0
0.8408964152537145,0.5
1.0,0.0
0.2259005009024612,1.0
1.0,0.0
1.0,0.0
1.0,0.0
1.0,0.0
1.0,0.0
1.0,0.0
1.0,0.0
0.8408964152537145,1.0
1.0,0.0
1.0,0.0
1.0,0.0
1.0,0.0
1.0,0.0
1.0,0.0
1.0,0.0
1.0,0.0
1.0,0.0
1.0,0.0
1.0,0.0
1.0,0.0
0.8408964152537145,0.25
1.0,0.0
0.5,0.125
1.0,0.0
0.8408964152537145,0.25
1.0,0.0
0.8408964152537145,1.0
1.0,0.0
1.0,0.0
0.8408964152537145,0.25
1.0,0.0
0.8408964152537145,0.25
0.8408964152537145,0.25
1.0,0.0
1.0,0.0
1.0,0.0
1.0,0.0
0.8408964152537145,1.0
1.0,0.0
1.0,0.0
0.8408964152537145,0.25
0.8408964152537145,0.25
1.0,0.0
1.0,0.0
1.0,0.0
1.0,0.0
1.0,0.0
1.0,0.0
1.0,0.0
0.8408964152537145,0.5
1.0,0.0
0.8408964152537145,0.25
0.8408964152537145,1.0
0.8408964152537145,0.25
1.0,0.0
0.8408964152537145,1.0
1.0,0.0
0.8408964152537145,1.0
1.0,0.0
1.0,0.0
0.16186478197091597,1.0
0.8408964152537145,0.25
1.0,0.0
0.8408964152537145,0.25
0.8408964152537145,1.0
0.7071067811865476,0.25
0.8408964152537145,0.25
1.0,0.0
0.7071067811865476,0.25
1.0,0.0
1.0,0.0
0.8408964152537145,1.0
1.0,0.0
1.0,0.0
1.0,0.0
0.8408964152537145,0.5
1.0,0.0
1.0,0.0
1.0,0.0
1.0,0.0
0.8408964152537145,1.0
0.8408964152537145,0.25
0.8408964152537145,1.0
1.0,0.0
0.8408964152537145,0.75
1.0,0.0
0.8408964152537145,0.25
1.0,0.0
1.0,0.0
0.8408964152537145,1.0
1.0,0.0
0.8408964152537145,0.25
1.0,0.0
1.0,0.0
1.0,0.0
0.5,0.5
1.0,0.0
0.8408964152537145,0.125
1.0,0.0
1.0,0.0
1.0,0.0
1.0,0.0
0.8408964152537145,1.0
1.0,0.0
1.0,0.0
0.8408964152537145,0.5
1.0,0.0
0.5,1.0
0.8408964152537145,1.0
1.0,0.0
1.0,0.0
0.8408964152537145,1.0
1.0,0.0
0.8408964152537145,1.0
1.0,0.0
1.0,0.0
1.0,0.0
1.0,0.0
1.0,0.0
0.5,0.5
0.8408964152537145,0.25
1.0,0.0
1.0,0.0
0.8408964152537145,0.25
1.0,0.0
1.0,0.0
0.8408964152537145,0.25
1.0,0.0
1.0,0.0
1.0,0.0
0.8408964152537145,0.25
1.0,0.0
1.0,0.0
1.0,0.0
1.0,0.0
1.0,0.0
1.0,0.0
0.5,1.0
1.0,0.0
1.0,0.0
0.5,1.0
0.5,0.25
1.0,0.0
1.0,0.0
1.0,0.0
1.0,0.0
0.8408964152537145,1.0
1.0,0.0
0.8408964152537145,1.0
1.0,0.0
0.8408964152537145,0.25
1.0,0.0
0.8408964152537145,1.0
1.0,0.0
1.0,0.0
1.0,0.0
1.0,0.0
0.8408964152537145,0.5
1.0,0.0
0.8408964152537145,0.25
1.0,0.0
1.0,0.0
1.0,0.0
0.7071067811865476,0.25
0.8408964152537145,1.0
1.0,0.0
0.8408964152537145,0.5
0.05341087579952926,1.0
0.8408964152537145,1.0
0.8408964152537145,1.0
1.0,0.0
1.0,0.0
0.8408964152537145,0.25
1.0,0.0
1.0,0.0
1.0,0.0
1.0,0.0
0.5,1.0
1.0,0.0
0.5,0.25
1.0,0.0
0.8408964152537145,1.0
0.8408964152537145,1.0
0.8408964152537145,1.0
0.8408964152537145,0.25
1.0,0.0
1.0,0.0
1.0,0.0
1.0,0.0
0.5,0.25
1.0,0.0
1.0,0.0
1.0,0.0
1.0,0.0
1.0,0.0
0.8408964152537145,0.5
0.8408964152537145,1.0
0.8408964152537145,1.0
0.8408964152537145,1.0
1.0,0.0
0.8408964152537145,0.25
0.5,0.25
1.0,0.0
1.0,0.0
0.5,0.25
0.5,1.0
0.8408964152537145,1.0
1.0,0.0
1.0,0.0
0.8408964152537145,0.5
1.0,0.0
1.0,0.0
0.7071067811865476,0.25
1.0,0.0
1.0,0.0
0.8408964152537145,1.0
1.0,0.0
0.8408964152537145,1.0
1.0,0.0
1.0,0.0
0.7071067811865476,0.25
1.0,0.0
0.8408964152537145,0.8333333333333334
0.8408964152537145,1.0
1.0,0.0
0.7071067811865476,0.5
1.0,0.0
1.0,0.0
1.0,0.0
1.0,0.0
1.0,0.0
0.8408964152537145,0.0
1.0,0.0
0.8408964152537145,1.0
0.5,1.0
0.5,1.0
0.8408964152537145,0.25
1.0,0.0
0.8408964152537145,0.25
1.0,0.0
1.0,0.0
1.0,0.0
1.0,0.0
1.0,0.0
1.0,0.0
1.0,0.0
1.0,0.0
1.0,0.0
0.8408964152537145,1.0
1.0,0.0
0.8408964152537145,1.0
1.0,0.0
1.0,0.0
0.7071067811865476,0.0
0.8408964152537145,1.0
0.8408964152537145,1.0
0.7071067811865476,0.0
1.0,0.0
0.8408964152537145,1.0
1.0,0.0
0.8408964152537145,1.0
1.0,0.0
0.8408964152537145,0.25
0.5,1.0
1.0,0.0
1.0,0.0
1.0,0.0
1.0,0.0
1.0,0.0
1.0,0.0
1.0,0.0
1.0,0.0
1.0,0.0
1.0,0.0
0.7071067811865476,0.25
0.8408964152537145,0.25
1.0,0.0
1.0,0.0
1.0,0.0
1.0,0.0
0.8408964152537145,1.0
1.0,0.0
0.8408964152537145,1.0
1.0,0.0
0.8408964152537145,0.25
0.8408964152537145,0.25
0.5,1.0
1.0,0.0
1.0,0.0
1.0,0.0
1.0,0.0
1.0,0.0
1.0,0.0
0.035802380724744266,1.0
1.0,0.0
1.0,0.0
0.5,1.0
1.0,0.0
1.0,0.0
1.0,0.0
1.0,0.0
0.8408964152537145,0.25
1.0,0.0
1.0,0.0
0.30934850332660563,1.0
0.5,1.0
0.5,0.25
1.0,0.0
0.8408964152537145,0.0
1.0,0.0
1.0,0.0
0.8408964152537145,0.25
0.8408964152537145,1.0
0.8408964152537145,0.0
0.8408964152537145,1.0
1.0,0.0
1.0,0.0
0.8408964152537145,0.0
1.0,0.0
1.0,0.0
1.0,0.0
1.0,0.0
1.0,0.0
1.0,0.0
1.0,0.0
0.8408964152537145,1.0
0.8408964152537145,0.25
1.0,0.0
0.8408964152537145,0.25
1.0,0.0
0.8408964152537145,0.25
1.0,0.0
1.0,0.0
1.0,0.0
1.0,0.0
0.8408964152537145,1.0
0.8408964152537145,1.0
1.0,0.0
0.8408964152537145,1.0
1.0,0.0
0.8408964152537145,0.25
1.0,0.0
1.0,0.0
1.0,0.0
1.0,0.0
0.37991784282579627,0.5
0.8408964152537145,1.0
0.8408964152537145,0.25
0.8408964152537145,1.0
0.8408964152537145,1.0
1.0,0.0
0.7071067811865476,0.25
1.0,0.0
0.8408964152537145,0.25
1.0,0.0
1.0,0.0
1.0,0.0
0.5,1.0
1.0,0.0
0.5,0.25
1.0,0.0
1.0,0.0
0.8408964152537145,0.25
0.8408964152537145,0.25
0.5,0.25
1.0,0.0
0.8408964152537145,1.0
1.0,0.0
1.0,0.0
1.0,0.0
0.8408964152537145,1.0
0.8408964152537145,0.0
1.0,0.0
1.0,0.0
1.0,0.0
0.7071067811865476,0.0
1.0,0.0
1.0,0.0
1.0,0.0
0.8408964152537145,1.0
1.0,0.0
0.8408964152537145,1.0
1.0,0.0
1.0,0.0
1.0,0.0
1.0,0.0
1.0,0.0
0.6389431042462724,0.125
1.0,0.0
1.0,0.0
0.8408964152537145,0.6666666666666666
0.8408964152537145,1.0
1.0,0.0
1.0,0.0
1.0,0.0
1.0,0.0
0.7071067811865476,0.25
0.8408964152537145,1.0
0.8408964152537145,1.0
1.0,0.0
1.0,0.0
0.8408964152537145,0.25
0.5,0.25
0.5,1.0
1.0,0.0
1.0,0.0
1.0,0.0
0.8408964152537145,0.25
0.5,1.0
0.37991784282579627,0.625
1.0,0.0
1.0,0.0
0.8408964152537145,1.0
1.0,0.0
1.0,0.0
1.0,0.0
1.0,0.0
1.0,0.0
1.0,0.0
1.0,0.0
0.8408964152537145,1.0
1.0,0.0
1.0,0.0
0.5,0.25
0.8408964152537145,1.0
1.0,0.0
1.0,0.0
1.0,0.0
1.0,0.0
1.0,0.0
1.0,0.0
0.08116697886877475,1.0
1.0,0.0
1.0,0.0
0.8408964152537145,0.25
0.8408964152537145,0.0
0.8408964152537145,0.25
1.0,0.0
0.8408964152537145,0.25
1.0,0.0
0.8408964152537145,1.0
1.0,0.0
0.8408964152537145,0.25
1.0,0.0
0.5,0.25
1.0,0.0
0.8408964152537145,0.0
0.5,0.5
1.0,0.0
1.0,0.0
0.8408964152537145,1.0
1.0,0.0
0.8408964152537145,0.25
0.8408964152537145,0.25
1.0,0.0
0.8408964152537145,0.25
1.0,0.0
1.0,0.0
1.0,0.0
0.8408964152537145,1.0
1.0,0.0
1.0,0.0
1.0,0.0
0.2259005009024612,1.0
1.0,0.0
0.7071067811865476,0.25
0.8408964152537145,1.0
0.5,0.5
0.8408964152537145,0.25
1.0,0.0
0.8408964152537145,1.0
0.8408964152537145,0.25
1.0,0.0
0.8408964152537145,1.0
1.0,0.0
1.0,0.0
0.8408964152537145,1.0
1.0,0.0
1.0,0.0
0.7071067811865476,0.25
1.0,0.0
1.0,0.0
1.0,0.0
0.8408964152537145,0.25
1.0,0.0
0.8408964152537145,0.5
1.0,0.0
1.0,0.0
0.5,1.0
1.0,0.0
0.5,0.25
1.0,0.0
0.8408964152537145,0.25
0.8408964152537145,1.0
0.5,1.0
1.0,0.0
1.0,0.0
1.0,0.0
1.0,0.0
0.8408964152537145,1.0
0.8408964152537145,1.0
0.8408964152537145,1.0
0.5,0.25
1.0,0.0
0.8408964152537145,0.25
1.0,0.0
0.5,1.0
1.0,0.25
0.8408964152537145,0.25
0.8408964152537145,1.0
1.0,0.0
1.0,0.0
1.0,0.0
0.5,0.75
1.0,0.0
1.0,0.0
0.8408964152537145,0.25
1.0,0.0
0.5,1.0
1.0,0.0
1.0,0.0
0.8408964152537145,0.25
1.0,0.0
0.1270331870386537,0.875
1.0,0.0
1.0,0.0
0.5,1.0
1.0,0.0
1.0,0.0
1.0,0.0
1.0,0.0
1.0,0.0
0.8408964152537145,0.5
1.0,0.0
1.0,0.0
1.0,0.0
0.8408964152537145,1.0
0.8408964152537145,1.0
1.0,0.0
0.5,1.0
0.5,1.0
1.0,0.0
1.0,0.0
1.0,0.0
0.8408964152537145,0.75
0.8408964152537145,0.25
0.8408964152537145,0.25
1.0,0.0
0.8408964152537145,1.0
0.7071067811865476,0.25
1.0,0.0
0.2722230298303347,0.5625
0.8408964152537145,0.25
1.0,0.0
0.5,1.0
0.8408964152537145,1.0
1.0,0.0
0.8408964152537145,0.25
0.8408964152537145,1.0
1.0,0.0
0.8408964152537145,1.0
1.0,0.0
1.0,0.0
0.8408964152537145,0.25
0.8408964152537145,1.0
1.0,0.0
1.0,0.0
1.0,0.0
1.0,0.0
1.0,0.0
0.8408964152537145,1.0
1.0,0.0
1.0,0.0
0.8408964152537145,0.75
1.0,0.0
1.0,0.0
1.0,0.0
1.0,0.0
0.8408964152537145,1.0
1.0,0.0
0.8408964152537145,0.75
0.5,1.0
0.8408964152537145,1.0
1.0,0.0
0.5,0.25
0.8408964152537145,0.0
0.8408964152537145,1.0
1.0,0.0
0.5,1.0
0.8408964152537145,1.0
1.0,0.0
1.0,0.0
0.8408964152537145,1.0
1.0,0.0
0.37991784282579627,0.125
0.8408964152537145,0.75
0.8408964152537145,0.25
1.0,0.0
0.040583489434387374,1.0
1.0,0.0
0.8408964152537145,1.0
0.8408964152537145,1.0
0.5,1.0
0.5,1.0
0.8408964152537145,1.0
1.0,0.0
1.0,0.0
1.0,0.0
0.8408964152537145,1.0
0.8408964152537145,0.25
1.0,0.0
0.8408964152537145,1.0
0.5,1.0
0.8408964152537145,0.25
0.5,1.0
1.0,0.0
0.8408964152537145,1.0
0.7071067811865476,0.25
1.0,0.0
1.0,0.0
1.0,0.0
1.0,0.0
1.0,0.0
1.0,0.0
0.8408964152537145,1.0
0.8408964152537145,1.0
0.8408964152537145,1.0
0.8408964152537145,0.0
1.0,0.0
0.8408964152537145,1.0
1.0,0.0
0.8408964152537145,1.0
1.0,0.0
0.5,1.0
0.7071067811865476,0.25
0.8408964152537145,0.25
1.0,0.0
0.8408964152537145,1.0
0.8408964152537145,0.25
1.0,0.0
0.8408964152537145,0.8928571428571429
1.0,0.0
1.0,0.0
1.0,0.0
1.0,0.0
1.0,0.0
0.8408964152537145,1.0
0.8408964152537145,1.0
0.7071067811865476,0.0
0.8408964152537145,0.25
1.0,0.0
1.0,0.0
1.0,0.0
1.0,0.0
0.8408964152537145,0.25
0.8408964152537145,1.0
1.0,0.0
1.0,0.0
0.8408964152537145,1.0
0.5,0.5
0.8408964152537145,0.25
1.0,0.0
1.0,0.0
1.0,0.0
1.0,0.0
1.0,0.0
1.0,0.0
1.0,0.0
1.0,0.0
0.5,0.75
0.8408964152537145,0.25
1.0,0.0
1.0,0.0
1.0,0.0
1.0,0.0
0.8408964152537145,1.0
1.0,0.0
0.7071067811865476,0.5
1.0,0.0
0.2259005009024612,1.0
1.0,0.0
1.0,0.0
0.5,0.25
1.0,0.0
0.8408964152537145,1.0
0.5,0.5
1.0,0.0
0.8408964152537145,1.0
1.0,0.0
1.0,0.0
0.7071067811865476,0.25
1.0,0.0
1.0,0.0
0.2259005009024612,0.5
0.8408964152537145,1.0
1.0,0.0
0.8408964152537145,1.0
0.7071067811865476,0.0
1.0,0.0
1.0,0.0
0.8408964152537145,1.0
1.0,0.0
1.0,0.0
0.8408964152537145,1.0
1.0,0.0
1.0,0.0
1.0,0.0
1.0,0.0
0.8408964152537145,1.0
1.0,0.0
0.8408964152537145,0.75
1.0,0.0
1.0,0.0
1.0,0.0
0.8408964152537145,1.0
1.0,0.0
1.0,0.0
0.37991784282579627,0.5
0.8408964152537145,0.0
1.0,0.0
0.5,1.0
1.0,0.0
1.0,0.0
0.8408964152537145,1.0
1.0,0.0
0.8408964152537145,1.0
1.0,0.0
1.0,0.0
0.8408964152537145,0.0
1.0,0.0
1.0,0.0
0.8408964152537145,0.25
0.8408964152537145,1.0
0.7071067811865476,0.25
1.0,0.0
0.8408964152537145,0.25
0.8408964152537145,0.75
1.0,0.0
1.0,0.0
0.8408964152537145,1.0
1.0,0.0
1.0,0.0
0.7071067811865476,0.0
1.0,0.0
0.8408964152537145,0.25
1.0,0.0
1.0,0.0
1.0,0.0
0.8408964152537145,0.25
1.0,0.0
1.0,0.0
0.5,1.0
0.8408964152537145,0.5
0.8408964152537145,0.25
1.0,0.0
1.0,0.0
1.0,0.0
1.0,0.0
0.8408964152537145,1.0
1.0,0.0
1.0,0.0
0.5,1.0
0.8408964152537145,1.0
0.7071067811865476,0.25
0.8408964152537145,0.25
0.8408964152537145,0.25
0.8408964152537145,1.0
0.8408964152537145,0.0
1.0,0.0
1.0,0.0
1.0,0.0
0.5,0.25
1.0,0.0
0.8408964152537145,0.25
1.0,0.0
1.0,0.0
1.0,0.0
0.8408964152537145,0.8125
1.0,0.0
1.0,0.0
0.8408964152537145,1.0
1.0,0.0
0.8408964152537145,0.5
1.0,0.0
0.8408964152537145,1.0
0.2259005009024612,1.0
1.0,0.0
1.0,0.0
0.8408964152537145,1.0
0.8408964152537145,1.0
0.8408964152537145,0.25
1.0,0.0
0.8408964152537145,1.0
1.0,0.0
1.0,0.0
1.0,0.0
1.0,0.0
1.0,0.0
0.37991784282579627,0.5
1.0,0.0
1.0,0.0
1.0,0.0
0.8408964152537145,1.0
1.0,0.0
1.0,0.0
0.8408964152537145,0.25
0.8408964152537145,0.25
1.0,0.0
1.0,0.0
1.0,0.0
1.0,0.0
0.8408964152537145,0.25
0.8408964152537145,1.0
0.8408964152537145,1.0
1.0,0.0
0.8408964152537145,1.0
1.0,0.0
0.8408964152537145,0.25
1.0,0.0
1.0,0.0
1.0,0.0
0.8408964152537145,1.0
1.0,0.0
1.0,0.0
1.0,0.0
1.0,0.0
0.5,1.0
1.0,0.0
0.30934850332660563,1.0
0.8408964152537145,1.0
0.8408964152537145,1.0
1.0,0.0
1.0,0.0
0.8408964152537145,0.25
1.0,0.0
1.0,0.0
1.0,0.0
0.8408964152537145,1.0
1.0,0.0
0.8408964152537145,0.0
1.0,0.0
1.0,0.0
0.8408964152537145,0.25
1.0,0.6666666666666666
1.0,0.0
0.8408964152537145,1.0
1.0,0.0
1.0,0.0
0.8408964152537145,1.0
0.8408964152537145,1.0
1.0,0.0
0.8408964152537145,1.0
0.8408964152537145,1.0
1.0,0.0
0.7071067811865476,0.25
0.8408964152537145,1.0
1.0,0.0
0.8408964152537145,0.75
1.0,0.0
0.8408964152537145,1.0
0.8408964152537145,1.0
1.0,0.0
1.0,0.0
1.0,0.0
0.2259005009024612,1.0
1.0,0.0
1.0,0.5
0.7071067811865476,0.25
1.0,0.0
1.0,0.0
1.0,0.0
1.0,0.0
0.8408964152537145,0.25
0.7071067811865476,0.25
0.7071067811865476,0.25
0.8408964152537145,0.25
1.0,0.0
0.2259005009024612,1.0
0.8408964152537145,1.0
1.0,0.0
0.8408964152537145,0.25
0.8408964152537145,0.25
1.0,0.0
1.0,0.0
1.0,0.0
1.0,0.0
1.0,0.0
1.0,0.0
1.0,0.0
1.0,0.0
1.0,0.0
1.0,0.0
0.5,0.5
0.8408964152537145,0.25
1.0,0.0
0.8408964152537145,0.25
0.5,1.0
1.0,0.0
1.0,0.0
1.0,0.0
0.8408964152537145,1.0
1.0,0.0
0.7071067811865476,0.5
0.8408964152537145,1.0
0.8408964152537145,0.25
0.8408964152537145,0.75
1.0,0.0
0.8408964152537145,0.0
1.0,0.0
1.0,0.0
0.8408964152537145,1.0
1.0,0.0
1.0,0.0
1.0,0.0
0.8408964152537145,0.25
1.0,0.0
1.0,0.0
0.5,1.0
1.0,0.0
1.0,0.0
0.8408964152537145,1.0
0.8408964152537145,0.25
1.0,0.0
0.8408964152537145,0.25
1.0,0.0
1.0,0.0
0.37991784282579627,0.5
1.0,0.0
0.8408964152537145,1.0
1.0,0.0
1.0,0.0
0.8408964152537145,0.25
1.0,0.0
0.8408964152537145,1.0
1.0,0.0
0.8408964152537145,1.0
0.7071067811865476,0.25
1.0,0.0
1.0,0.0
1.0,0.0
0.8408964152537145,1.0
0.8408964152537145,0.25
0.8408964152537145,0.25
0.7071067811865476,0.25
1.0,0.0
0.5,0.25
1.0,0.0
0.7071067811865476,0.25
1.0,0.0
0.5,1.0
0.8408964152537145,0.25
1.0,0.0
1.0,0.0
1.0,0.0
0.5,1.0
0.8408964152537145,1.0
0.8408964152537145,1.0
1.0,0.0
1.0,0.0
1.0,0.0
1.0,0.0
1.0,0.0
1.0,0.0
0.8408964152537145,0.25
0.8408964152537145,0.5
0.8408964152537145,1.0
1.0,0.0
1.0,0.0
1.0,0.0
1.0,0.0
0.8408964152537145,0.25
1.0,0.0
1.0,0.0
0.8408964152537145,1.0
0.8408964152537145,0.5
1.0,0.0
0.8408964152537145,0.25
1.0,0.0
1.0,0.0
0.8408964152537145,1.0
1.0,0.0
1.0,0.0
0.7071067811865476,0.0
1.0,0.0
0.8408964152537145,1.0
1.0,0.0
1.0,0.0
0.8408964152537145,0.25
1.0,0.0
1.0,0.0
1.0,0.0
1.0,0.0
0.37991784282579627,0.625
1.0,0.0
1.0,0.0
0.7071067811865476,0.25
0.8408964152537145,0.25
1.0,0.0
0.8408964152537145,0.25
0.8408964152537145,0.5
1.0,0.0
1.0,0.0
0.5,0.25
1.0,0.0
1.0,0.0
1.0,0.0
